所属,氏名,氏名(かな),メールアドレス,住所,誕生日
リクルート,本多 守,ほんだ まもる,1@gmail.com,北海道,2019/2/1
リクルート,早坂 健吾,はやさか けんご,2@gmail.com,青森県,2019/2/2
リクルート,立石 晋,たていし すすむ,3@gmail.com,岩手県,2019/2/3
リクルート,鷲尾 崇之,わしお たかゆき,4@gmail.com,宮城県,2019/2/4
リクルート,郭 卓司,かく たくじ,5@gmail.com,秋田県,2019/2/5
リクルート,大串 幹男,おおぐし みきお,6@gmail.com,山形県,2019/2/6
リクルート,島貫 典彦,しまぬき のりひこ,7@gmail.com,福島県,2019/2/7
リクルート,古城 英孝,こじょう ひでたか,8@gmail.com,茨城県,2019/2/8
リクルート,鯨井 健史,くじらい けんじ,9@gmail.com,栃木県,2019/2/9
リクルート,来栖 源太,くるす げんた,10@gmail.com,群馬県,2019/2/10
リクルート,塩井 崇浩,しおい たかひろ,11@gmail.com,埼玉県,2019/2/11
リクルート,諸田 清人,もろた きよひと,12@gmail.com,千葉県,2019/2/12
リクルート,神宮寺 善文,じんぐうじ よしふみ,13@gmail.com,東京都,2019/2/13
リクルート,池水 了,いけみず さとる,14@gmail.com,神奈川県,2019/2/14
リクルート,香椎 悠祐,かしい ゆうすけ,15@gmail.com,新潟県,2019/2/15
リクルート,真 修吾,ま しゅうご,16@gmail.com,富山県,2019/2/16
リクルート,西薗 浩彦,にしぞの ひろひこ,17@gmail.com,石川県,2019/2/17
リクルート,鑓田 伸洋,やりた のぶひろ,18@gmail.com,福井県,2019/2/18
リクルート,根塚 政晴,ねづか まさはる,19@gmail.com,山梨県,2019/2/19
リクルート,中室 一起,なかむろ かずき,20@gmail.com,長野県,2019/2/20
リクルート,三俣 健士,みつまた けんじ,21@gmail.com,岐阜県,2019/2/21
リクルート,目崎 千裕,めさき ちひろ,22@gmail.com,静岡県,2019/2/22
リクルート,滝田 祐吾,たきだ ゆうご,23@gmail.com,愛知県,2019/2/23
リクルート,八本 真実,やもと まこと,24@gmail.com,三重県,2019/2/24
リクルート,織井 章広,おりい あきひろ,25@gmail.com,滋賀県,2019/2/25
リクルート,能丸 裕孝,のうまる ひろたか,26@gmail.com,京都府,2019/2/26
リクルート,順 恭,じゅん やすし,27@gmail.com,大阪府,2019/2/27
リクルート,幸島 樹一郎,こうじま きいちろう,28@gmail.com,兵庫県,2019/2/28
リクルート,下津浦 光也,しもつうら みつや,29@gmail.com,奈良県,2019/3/1
リクルート,安土 たかゆき,あんど たかゆき,30@gmail.com,和歌山県,2019/3/2